{
  "Actor": {
    "types": ["PlayerCharacter", "NonPlayerCharacter"],
    "templates": {
      "initLogic": {
        "isInitialized": false
      },
      "portrait": {
        "iconPosX": 0,
        "iconPosY": 0,
        "iconScale": 1
      },
      "hp": {
        "health": {
          "min": 0,
          "max": 0,
          "value": 0
        },
        "healthErschoepft": 0,
        "healthVerzehrt": 0,
        "healthKanalisiert": 0,
        "woundLevel": {
          "min": 0,
          "max": 5,
          "value": 5
        },
        "woundModifier": 0
      },
      "fokus": {
        "fokus": {
          "min": 0,
          "max": 0,
          "value": 0
        },
        "fokusErschoepft": 0,
        "fokusVerzehrt": 0,
        "fokusKanalisiert": 0
      },
      "splittertraeger": {
        "splitterpunkte": {
          "min": 0,
          "max": 15,
          "value": 0
        }
      },
      "attributes": {
        "AUS": 0,
        "BEW": 0,
        "INT": 0,
        "KON": 0,
        "MYS": 0,
        "STR": 0,
        "VER": 0,
        "WIL": 0,
        "GK": 0,
        "incAUS": 0,
        "incBEW": 0,
        "incINT": 0,
        "incKON": 0,
        "incMYS": 0,
        "incSTR": 0,
        "incVER": 0,
        "incWIL": 0
      },
      "derivedAttributes": {
        "GSW": 0,
        "INI": 0,
        "LP": 0,
        "FO": 0,
        "VTD": 0,
        "GW": 0,
        "KW": 0,
        "initiativeTotal": 0
      },
      "biography": {
        "haarfarbe": "",
        "augenfarbe": "",
        "hautfarbe": "",
        "abstammung": "",
        "geschlecht": "",
        "koerpergroesse": "",
        "gewicht": "",
        "geburtsort": "",
        "backstory": ""
      },
      "vermoegen": {
        "solare": 0,
        "lunare": 0,
        "tellare": 0
      }
    },
    "PlayerCharacter": {
      "templates": ["initLogic","hp", "fokus", "splittertraeger", "attributes", "derivedAttributes", "biography", "vermoegen", "portrait"],
      "heldengrad": 0,
      "erfahrungGesamt": 0,
      "erfahrungEingesetzt": 0,
      "erfahrungNaechsterHeldengrad": 0,
      "atemholenBenutzt": false
    },
    "NonPlayerCharacter": {
      "templates": ["initLogic","hp", "fokus", "splittertraeger", "attributes", "derivedAttributes", "portrait"],
      "monstergrad": "0",
      "kampfweise": "",
      "lore": "",
      "beute": "",
      "typus": "",
      "waffen": [],
      "fertigkeiten": []
    }
  },
  "Item": {
    "types": [
      "abstammung",
      "ausbildung",
      "kultur",
      "rasse",
      "mondzeichen",
      "staerke",
      "schwaeche",
      "fertigkeit",
      "meisterschaft",
      "resource",
      "zauber",
      "waffe",
      "ruestung",
      "schild",
      "gegenstand",
      "benutzbar",
      "merkmal",
      "zustand"
    ],
    "templates": {
      "info": {
        "beschreibung": "",
        "iconPosX": 0,
        "iconPosY": 0,
        "iconScale": 1
      },
      "quelle": {
        "regelwerk": "",
        "seite": 0
      },
      "action": {
        "ticks": 0
      },
      "equipment": {
        "isEquipped": false,
        "merkmale": ""
      },
      "chargen": {
        "choices": []
      }
    },
    "mondzeichen": {
      "templates": ["info", "quelle"],
      "grad": 1
    },
    "merkmal": {
      "templates": ["info", "quelle"],
      "modifier": []
    },
    "zustand": {
      "templates": ["info", "quelle"],
      "modifier": [],
      "internalId": ""
    },
    "gegenstand": {
      "templates": ["info", "quelle"],
      "wertInTellaren": 0,
      "gewicht": 0,
      "anzahl": 0
    },
    "benutzbar": {
      "templates": ["info", "quelle", "action"],
      "wirdVerbraucht": true,
      "wertInTellaren": 0,
      "gewicht": 0,
      "anzahl": 0
    },
    "waffe": {
      "templates": ["info", "quelle", "action", "equipment"],
      "attribute": "",
      "attributeSecondary": "",
      "fertigkeit": "",
      "mod": 0,
      "schaden": "1d6",
      "wirdVerbraucht": false,
      "wertInTellaren": 0,
      "gewicht": 0,
      "anzahl": 0,
      "reichweite": 0
    },
    "schild": {
      "templates": ["info", "quelle", "equipment"],
      "mod": 0,
      "VTD": 0,
      "BEH": 0,
      "schaden": "",
      "fertigkeit": "",
      "attribute": "INT",
      "attributeSecondary": "STR",
      "wertInTellaren": 0,
      "gewicht": 0,
      "anzahl": 0
    },
    "ruestung": {
      "templates": ["info", "quelle", "equipment"],
      "VTD": 0,
      "SR": 0,
      "BEH": 0,
      "tickPlus": 0,
      "wertInTellaren": 0,
      "gewicht": 0,
      "anzahl": 0
    },
    "zauber": {
      "templates": ["info", "action", "quelle"],
      "grad": 0,
      "fertigkeit": "",
      "schwierigkeit": 0,
      "schwierigkeitString": "0",
      "fokusErschoepft": 0,
      "fokusVerzehrt": 0,
      "fokusKanalisiert": 0,
      "reichweite": 0,
      "reichweiteString": "0",
      "wirkungsdauer": 0,
      "verstaerkung": "0",
      "bereichString": "0",
      "wirkungsdauerString": "0",
      "zauberdauerString": "0",
      "schaden": "1d6"
    },
    "abstammung": {
      "templates": ["info", "quelle", "chargen"],
      "modifier": []
    },
    "kultur": {
      "templates": ["info", "quelle", "chargen"],
      "sprache": "",
      "kulturkunde": "",
      "modifier": []
    },
    "ausbildung": {
      "templates": ["info", "quelle", "chargen"],
      "modifier": []
    },
    "rasse": {
      "templates": ["info", "quelle", "chargen"],
      "modifier": []
    },
    "staerke": {
      "templates": ["info", "quelle"],
      "level": 0,
      "modifier": []
    },
    "schwaeche": {
      "templates": ["info", "quelle"],
      "modifier": []
    },
    "meisterschaft": {
      "templates": ["info", "quelle"],
      "fertigkeit": "",
      "schwelle": 0,
      "isManeuver": false,
      "egCost": 0,
      "maneuverEffekt": "",
      "useActiveWeapon": false,
      "modifier": []
    },
    "resource": {
      "templates": ["info", "quelle"],
      "punkte": 0
    },
    "fertigkeit": {
      "templates": ["info", "quelle"],
      "attributEins": "",
      "attributZwei": "",
      "punkte": 0,
      "mod": 0,
      "type": "allgemein"
    }
  }
}
