{
  "name": "splittermond",
  "title": "splittermond",
  "description": "",
  "version": "0.1.2",
  "author": "Naresea",
  "authors": [
    {
      "name": "",
      "email": "",
      "url": ""
    }
  ],
  "scripts": [],
  "esmodules": ["splittermond.js"],
  "styles": ["splittermond.css"],
  "packs": [],
  "languages": [
    {
      "lang": "en",
      "name": "English",
      "path": "lang/en.json"
    }
  ],
  "gridDistance": 1,
  "gridUnits": "Meter",
  "minimumCoreVersion": "0.7.9",
  "compatibleCoreVersion": "0.7.9",
  "url": "",
  "manifest": "https://raw.githubusercontent.com/Naresea/splittermond4foundry/naresea/splittermond-nx/package/v012/system.json",
  "download": "https://raw.githubusercontent.com/Naresea/splittermond4foundry/naresea/splittermond-nx/package/v012/splittermond-v0.1.2.zip",
  "license": "MIT",
  "readme": "https://github.com/Naresea/splittermond4foundry/tree/naresea/splittermond-nx",
  "bugs": "",
  "changelog": ""
}
