{
  "name": "splittermond",
  "title": "splittermond",
  "description": "",
  "version": "0.1.0",
  "author": "Naresea",
  "authors": [
    {
      "name": "",
      "email": "",
      "url": ""
    }
  ],
  "scripts": [],
  "esmodules": ["splittermond.js"],
  "styles": ["splittermond.css"],
  "packs": [],
  "languages": [
    {
      "lang": "en",
      "name": "English",
      "path": "lang/en.json"
    }
  ],
  "gridDistance": 1,
  "gridUnits": "Meter",
  "minimumCoreVersion": "0.7.9",
  "compatibleCoreVersion": "0.7.9",
  "url": "",
  "manifest": "",
  "download": "",
  "license": "MIT",
  "readme": "",
  "bugs": "",
  "changelog": ""
}
