{
  "title": "Splittermond",
  "templateVersion": 2,
  "gridDistance": 1,
  "gridUnits": "m",
  "author": "Naresea",
  "version": "0.0.1",
  "name": "splittermond4foundry",
  "description": "Implementation of the Splittermond RPG system for Foundry VTT",
  "scripts": [
    "splittermond.js"
  ],
  "styles": [
    "styles/non-player-character-sheet.css",
    "styles/player-character-sheet.css",
    "styles/splittermond.css"
  ],
  "packs": [],
  "languages": [
    {
      "path": "lang/Deutsch_de.json",
      "name": "Deutsch",
      "lang": "de"
    },
    {
      "path": "lang/English_en.json",
      "name": "English",
      "lang": "en"
    }
  ],
  "manifest": "https://github.com/Naresea/splittermond4foundry/release/0.0.1/system.json",
  "download": "https://github.com/Naresea/splittermond4foundry/release/0.0.1/system.zip",
  "url": "https://github.com/Naresea/splittermond4foundry"
}