{
  "Actor": {
    "types": [
      "player",
      "nonPlayer"
    ],
    "nonPlayer": {
      "attributes": {
        "ausstrahlung": 0,
        "beweglichkeit": 0,
        "intuition": 0,
        "konstitution": 0,
        "mystik": 0,
        "staerke": 0,
        "verstand": 0,
        "willenskraft": 0
      },
      "combatAttributes": {
        "currentTick": 0,
        "currentWoundLevel": 0
      },
      "combatSkills": {
        "handgemenge": 0,
        "hiebwaffen": 0,
        "kettenwaffen": 0,
        "klingenwaffen": 0,
        "schusswaffen": 0,
        "stangenwaffen": 0,
        "wurfwaffen": 0
      },
      "derivedAttributes": {
        "fokus": 0,
        "geistigerWiderstand": 0,
        "geschwindigkeit": 0,
        "groessenklasse": 0,
        "initiative": 0,
        "koerperlicherWiderstand": 0,
        "lebenspunkte": 0,
        "verteidigung": 0
      },
      "magicSkills": {
        "bann": 0,
        "beherrschung": 0,
        "bewegung": 0,
        "erkenntnis": 0,
        "fels": 0,
        "feuer": 0,
        "heilung": 0,
        "illusion": 0,
        "kampf": 0,
        "licht": 0,
        "natur": 0,
        "schatten": 0,
        "schicksal": 0,
        "schutz": 0,
        "staerkung": 0,
        "tod": 0,
        "verwandlung": 0,
        "wasser": 0,
        "wind": 0
      },
      "name": "",
      "resources": {
        "fokus": {
          "max": 0,
          "min": 0,
          "value": 0
        },
        "lebenspunkte": {
          "max": 0,
          "min": 0,
          "value": 0
        },
        "splitterpunkte": {
          "max": 0,
          "min": 0,
          "value": 0
        },
        "wunden": {
          "max": 0,
          "min": 0,
          "value": 0
        }
      },
      "skills": {
        "akrobatik": 0,
        "alchemie": 0,
        "anfuehren": 0,
        "arkaneKunde": 0,
        "athletik": 0,
        "darbietung": 0,
        "diplomatie": 0,
        "edelhandwerk": 0,
        "empathie": 0,
        "entschlossenheit": 0,
        "fingerfertigkeit": 0,
        "geschichteUndMythen": 0,
        "handwerk": 0,
        "heilkunde": 0,
        "heimlichkeit": 0,
        "jagdkunst": 0,
        "laenderkunde": 0,
        "naturkunde": 0,
        "redegewandheit": 0,
        "schloesserUndFallen": 0,
        "schwimmen": 0,
        "seefahrt": 0,
        "strassenkunde": 0,
        "tierfuehrung": 0,
        "ueberleben": 0,
        "wahrnehmung": 0,
        "zaehigkeit": 0
      },
      "type": "nonPlayer"
    },
    "player": {
      "attributes": {
        "ausstrahlung": 0,
        "beweglichkeit": 0,
        "intuition": 0,
        "konstitution": 0,
        "mystik": 0,
        "staerke": 0,
        "verstand": 0,
        "willenskraft": 0
      },
      "combatAttributes": {
        "currentTick": 0,
        "currentWoundLevel": 0
      },
      "combatSkills": {
        "handgemenge": 0,
        "hiebwaffen": 0,
        "kettenwaffen": 0,
        "klingenwaffen": 0,
        "schusswaffen": 0,
        "stangenwaffen": 0,
        "wurfwaffen": 0
      },
      "derivedAttributes": {
        "fokus": 0,
        "geistigerWiderstand": 0,
        "geschwindigkeit": 0,
        "groessenklasse": 0,
        "initiative": 0,
        "koerperlicherWiderstand": 0,
        "lebenspunkte": 0,
        "verteidigung": 0
      },
      "magicSkills": {
        "bann": 0,
        "beherrschung": 0,
        "bewegung": 0,
        "erkenntnis": 0,
        "fels": 0,
        "feuer": 0,
        "heilung": 0,
        "illusion": 0,
        "kampf": 0,
        "licht": 0,
        "natur": 0,
        "schatten": 0,
        "schicksal": 0,
        "schutz": 0,
        "staerkung": 0,
        "tod": 0,
        "verwandlung": 0,
        "wasser": 0,
        "wind": 0
      },
      "name": "",
      "resources": {
        "fokus": {
          "max": 0,
          "min": 0,
          "value": 0
        },
        "lebenspunkte": {
          "max": 0,
          "min": 0,
          "value": 0
        },
        "splitterpunkte": {
          "max": 0,
          "min": 0,
          "value": 0
        },
        "wunden": {
          "max": 0,
          "min": 0,
          "value": 0
        }
      },
      "skills": {
        "akrobatik": 0,
        "alchemie": 0,
        "anfuehren": 0,
        "arkaneKunde": 0,
        "athletik": 0,
        "darbietung": 0,
        "diplomatie": 0,
        "edelhandwerk": 0,
        "empathie": 0,
        "entschlossenheit": 0,
        "fingerfertigkeit": 0,
        "geschichteUndMythen": 0,
        "handwerk": 0,
        "heilkunde": 0,
        "heimlichkeit": 0,
        "jagdkunst": 0,
        "laenderkunde": 0,
        "naturkunde": 0,
        "redegewandheit": 0,
        "schloesserUndFallen": 0,
        "schwimmen": 0,
        "seefahrt": 0,
        "strassenkunde": 0,
        "tierfuehrung": 0,
        "ueberleben": 0,
        "wahrnehmung": 0,
        "zaehigkeit": 0
      },
      "type": "player"
    }
  },
  "Item": {
    "types": [
      "weapon",
      "armor",
      "shield",
      "consumable",
      "usable",
      "misc",
      "zauber",
      "meisterschaft",
      "staerke",
      "merkmal"
    ]
  }
}