{
  "Actor": {
    "types": [
      "player",
      "nonPlayer"
    ],
    "nonPlayer": {
      "attributes": {
        "ausstrahlung": 0,
        "beweglichkeit": 0,
        "intuition": 0,
        "konstitution": 0,
        "mystik": 0,
        "staerke": 0,
        "verstand": 0,
        "willenskraft": 0
      },
      "combatAttributes": {
        "currentTick": 0,
        "currentWoundLevel": 0
      },
      "combatSkills": {
        "handgemenge": 0,
        "hiebwaffen": 0,
        "kettenwaffen": 0,
        "klingenwaffen": 0,
        "schusswaffen": 0,
        "stangenwaffen": 0,
        "wurfwaffen": 0
      },
      "derivedAttributes": {
        "fokus": 0,
        "geistigerWiderstand": 0,
        "geschwindigkeit": 0,
        "groessenklasse": 0,
        "initiative": 0,
        "koerperlicherWiderstand": 0,
        "lebenspunkte": 0,
        "verteidigung": 0
      },
      "magicSkills": {
        "bann": 0,
        "beherrschung": 0,
        "bewegung": 0,
        "erkenntnis": 0,
        "fels": 0,
        "feuer": 0,
        "heilung": 0,
        "illusion": 0,
        "kampf": 0,
        "licht": 0,
        "natur": 0,
        "schatten": 0,
        "schicksal": 0,
        "schutz": 0,
        "staerkung": 0,
        "tod": 0,
        "verwandlung": 0,
        "wasser": 0,
        "wind": 0
      },
      "mondzeichen": {
        "four": "",
        "name": "",
        "one": "",
        "three": "",
        "two": ""
      },
      "name": "",
      "resources": {
        "fokus": {
          "max": 0,
          "min": 0,
          "value": 0
        },
        "lebenspunkte": {
          "max": 0,
          "min": 0,
          "value": 0
        },
        "splitterpunkte": {
          "max": 0,
          "min": 0,
          "value": 0
        },
        "wunden": {
          "max": 0,
          "min": 0,
          "value": 0
        }
      },
      "skills": {
        "akrobatik": 0,
        "alchemie": 0,
        "anfuehren": 0,
        "arkaneKunde": 0,
        "athletik": 0,
        "darbietung": 0,
        "diplomatie": 0,
        "edelhandwerk": 0,
        "empathie": 0,
        "entschlossenheit": 0,
        "fingerfertigkeit": 0,
        "geschichteUndMythen": 0,
        "handwerk": 0,
        "heilkunde": 0,
        "heimlichkeit": 0,
        "jagdkunst": 0,
        "laenderkunde": 0,
        "naturkunde": 0,
        "redegewandheit": 0,
        "schloesserUndFallen": 0,
        "schwimmen": 0,
        "seefahrt": 0,
        "strassenkunde": 0,
        "tierfuehrung": 0,
        "ueberleben": 0,
        "wahrnehmung": 0,
        "zaehigkeit": 0
      },
      "type": "nonPlayer"
    },
    "player": {
      "abstammung": "",
      "attributes": {
        "ausstrahlung": 0,
        "beweglichkeit": 0,
        "intuition": 0,
        "konstitution": 0,
        "mystik": 0,
        "staerke": 0,
        "verstand": 0,
        "willenskraft": 0
      },
      "augenfarbe": "",
      "ausbildung": "",
      "ausruestung": {
        "0": {
          "last": "",
          "name": ""
        },
        "1": {
          "last": "",
          "name": ""
        },
        "2": {
          "last": "",
          "name": ""
        },
        "3": {
          "last": "",
          "name": ""
        },
        "4": {
          "last": "",
          "name": ""
        },
        "5": {
          "last": "",
          "name": ""
        },
        "6": {
          "last": "",
          "name": ""
        },
        "7": {
          "last": "",
          "name": ""
        },
        "8": {
          "last": "",
          "name": ""
        },
        "9": {
          "last": "",
          "name": ""
        },
        "10": {
          "last": "",
          "name": ""
        },
        "11": {
          "last": "",
          "name": ""
        },
        "12": {
          "last": "",
          "name": ""
        },
        "13": {
          "last": "",
          "name": ""
        },
        "14": {
          "last": "",
          "name": ""
        },
        "15": {
          "last": "",
          "name": ""
        }
      },
      "combatAttributes": {
        "currentTick": 0,
        "currentWoundLevel": 0
      },
      "combatSkills": {
        "handgemenge": 0,
        "hiebwaffen": 0,
        "kettenwaffen": 0,
        "klingenwaffen": 0,
        "schusswaffen": 0,
        "stangenwaffen": 0,
        "wurfwaffen": 0
      },
      "derivedAttributes": {
        "fokus": 0,
        "geistigerWiderstand": 0,
        "geschwindigkeit": 0,
        "groessenklasse": 0,
        "initiative": 0,
        "koerperlicherWiderstand": 0,
        "lebenspunkte": 0,
        "verteidigung": 0
      },
      "erfahrungspunkte": {
        "benutzt": 0,
        "gesamt": 0,
        "naechsterHeldengrad": 0,
        "offen": 0
      },
      "fokusTracker": {
        "0": {
          "0": 0,
          "1": 0,
          "2": 0,
          "3": 0,
          "4": 0,
          "5": 0,
          "6": 0,
          "7": 0,
          "8": 0,
          "9": 0,
          "10": 0,
          "11": 0,
          "12": 0,
          "13": 0,
          "14": 0,
          "15": 0
        },
        "1": {
          "0": 0,
          "1": 0,
          "2": 0,
          "3": 0,
          "4": 0,
          "5": 0,
          "6": 0,
          "7": 0,
          "8": 0,
          "9": 0,
          "10": 0,
          "11": 0,
          "12": 0,
          "13": 0,
          "14": 0,
          "15": 0
        },
        "2": {
          "0": 0,
          "1": 0,
          "2": 0,
          "3": 0,
          "4": 0,
          "5": 0,
          "6": 0,
          "7": 0,
          "8": 0,
          "9": 0,
          "10": 0,
          "11": 0,
          "12": 0,
          "13": 0,
          "14": 0,
          "15": 0
        },
        "3": {
          "0": 0,
          "1": 0,
          "2": 0,
          "3": 0,
          "4": 0,
          "5": 0,
          "6": 0,
          "7": 0,
          "8": 0,
          "9": 0,
          "10": 0,
          "11": 0,
          "12": 0,
          "13": 0,
          "14": 0,
          "15": 0
        },
        "4": {
          "0": 0,
          "1": 0,
          "2": 0,
          "3": 0,
          "4": 0,
          "5": 0,
          "6": 0,
          "7": 0,
          "8": 0,
          "9": 0,
          "10": 0,
          "11": 0,
          "12": 0,
          "13": 0,
          "14": 0,
          "15": 0
        }
      },
      "geburtsort": "",
      "geschlecht": "",
      "gewicht": "",
      "haarfarbe": "",
      "hautfarbe": "",
      "heldengrad": "",
      "hpTracker": {
        "0": {
          "0": 0,
          "1": 0,
          "2": 0,
          "3": 0,
          "4": 0,
          "5": 0,
          "6": 0,
          "7": 0,
          "8": 0,
          "9": 0,
          "10": 0,
          "11": 0,
          "12": 0,
          "13": 0,
          "14": 0,
          "15": 0
        },
        "1": {
          "0": 0,
          "1": 0,
          "2": 0,
          "3": 0,
          "4": 0,
          "5": 0,
          "6": 0,
          "7": 0,
          "8": 0,
          "9": 0,
          "10": 0,
          "11": 0,
          "12": 0,
          "13": 0,
          "14": 0,
          "15": 0
        },
        "2": {
          "0": 0,
          "1": 0,
          "2": 0,
          "3": 0,
          "4": 0,
          "5": 0,
          "6": 0,
          "7": 0,
          "8": 0,
          "9": 0,
          "10": 0,
          "11": 0,
          "12": 0,
          "13": 0,
          "14": 0,
          "15": 0
        },
        "3": {
          "0": 0,
          "1": 0,
          "2": 0,
          "3": 0,
          "4": 0,
          "5": 0,
          "6": 0,
          "7": 0,
          "8": 0,
          "9": 0,
          "10": 0,
          "11": 0,
          "12": 0,
          "13": 0,
          "14": 0,
          "15": 0
        },
        "4": {
          "0": 0,
          "1": 0,
          "2": 0,
          "3": 0,
          "4": 0,
          "5": 0,
          "6": 0,
          "7": 0,
          "8": 0,
          "9": 0,
          "10": 0,
          "11": 0,
          "12": 0,
          "13": 0,
          "14": 0,
          "15": 0
        }
      },
      "koerpergroesse": "",
      "kultur": "",
      "kulturkunde": "",
      "kupfer": 0,
      "lunare": 0,
      "magicSkills": {
        "bann": 0,
        "beherrschung": 0,
        "bewegung": 0,
        "erkenntnis": 0,
        "fels": 0,
        "feuer": 0,
        "heilung": 0,
        "illusion": 0,
        "kampf": 0,
        "licht": 0,
        "natur": 0,
        "schatten": 0,
        "schicksal": 0,
        "schutz": 0,
        "staerkung": 0,
        "tod": 0,
        "verwandlung": 0,
        "wasser": 0,
        "wind": 0
      },
      "masteries": {
        "0": {
          "effekt": "",
          "name": "",
          "schwelle": 0,
          "skill": ""
        },
        "1": {
          "effekt": "",
          "name": "",
          "schwelle": 0,
          "skill": ""
        },
        "2": {
          "effekt": "",
          "name": "",
          "schwelle": 0,
          "skill": ""
        },
        "3": {
          "effekt": "",
          "name": "",
          "schwelle": 0,
          "skill": ""
        },
        "4": {
          "effekt": "",
          "name": "",
          "schwelle": 0,
          "skill": ""
        },
        "5": {
          "effekt": "",
          "name": "",
          "schwelle": 0,
          "skill": ""
        },
        "6": {
          "effekt": "",
          "name": "",
          "schwelle": 0,
          "skill": ""
        },
        "7": {
          "effekt": "",
          "name": "",
          "schwelle": 0,
          "skill": ""
        },
        "8": {
          "effekt": "",
          "name": "",
          "schwelle": 0,
          "skill": ""
        },
        "9": {
          "effekt": "",
          "name": "",
          "schwelle": 0,
          "skill": ""
        },
        "10": {
          "effekt": "",
          "name": "",
          "schwelle": 0,
          "skill": ""
        },
        "11": {
          "effekt": "",
          "name": "",
          "schwelle": 0,
          "skill": ""
        },
        "12": {
          "effekt": "",
          "name": "",
          "schwelle": 0,
          "skill": ""
        },
        "13": {
          "effekt": "",
          "name": "",
          "schwelle": 0,
          "skill": ""
        },
        "14": {
          "effekt": "",
          "name": "",
          "schwelle": 0,
          "skill": ""
        },
        "15": {
          "effekt": "",
          "name": "",
          "schwelle": 0,
          "skill": ""
        }
      },
      "maxAttribute": "",
      "maxSkill": "",
      "mondzeichen": {
        "four": "",
        "name": "",
        "one": "",
        "three": "",
        "two": ""
      },
      "name": "",
      "rasse": "",
      "resourcen": {
        "ansehen": {
          "bedeutung": "",
          "wert": 0
        },
        "gefolge": {
          "bedeutung": "",
          "wert": 0
        },
        "glaube": {
          "bedeutung": "",
          "wert": 0
        },
        "kontakte": {
          "bedeutung": "",
          "wert": 0
        },
        "kreatur": {
          "bedeutung": "",
          "wert": 0
        },
        "mentor": {
          "bedeutung": "",
          "wert": 0
        },
        "rang": {
          "bedeutung": "",
          "wert": 0
        },
        "relikt": {
          "bedeutung": "",
          "wert": 0
        },
        "stand": {
          "bedeutung": "",
          "wert": 0
        },
        "vermoegen": {
          "bedeutung": "",
          "wert": 0
        }
      },
      "resources": {
        "fokus": {
          "max": 0,
          "min": 0,
          "value": 0
        },
        "lebenspunkte": {
          "max": 0,
          "min": 0,
          "value": 0
        },
        "splitterpunkte": {
          "max": 0,
          "min": 0,
          "value": 0
        },
        "wunden": {
          "max": 0,
          "min": 0,
          "value": 0
        }
      },
      "ruestungen": {
        "0": {
          "beh": 0,
          "name": "",
          "sr": 0,
          "tick": 0,
          "vtd": 0
        },
        "1": {
          "beh": 0,
          "name": "",
          "sr": 0,
          "tick": 0,
          "vtd": 0
        },
        "2": {
          "beh": 0,
          "name": "",
          "sr": 0,
          "tick": 0,
          "vtd": 0
        },
        "3": {
          "beh": 0,
          "name": "",
          "sr": 0,
          "tick": 0,
          "vtd": 0
        },
        "4": {
          "beh": 0,
          "name": "",
          "sr": 0,
          "tick": 0,
          "vtd": 0
        }
      },
      "schilde": {
        "0": {
          "merkmale": "",
          "name": "",
          "skill": "",
          "vtd": 0
        },
        "1": {
          "merkmale": "",
          "name": "",
          "skill": "",
          "vtd": 0
        },
        "2": {
          "merkmale": "",
          "name": "",
          "skill": "",
          "vtd": 0
        },
        "3": {
          "merkmale": "",
          "name": "",
          "skill": "",
          "vtd": 0
        },
        "4": {
          "merkmale": "",
          "name": "",
          "skill": "",
          "vtd": 0
        }
      },
      "skills": {
        "akrobatik": 0,
        "alchemie": 0,
        "anfuehren": 0,
        "arkaneKunde": 0,
        "athletik": 0,
        "darbietung": 0,
        "diplomatie": 0,
        "edelhandwerk": 0,
        "empathie": 0,
        "entschlossenheit": 0,
        "fingerfertigkeit": 0,
        "geschichteUndMythen": 0,
        "handwerk": 0,
        "heilkunde": 0,
        "heimlichkeit": 0,
        "jagdkunst": 0,
        "laenderkunde": 0,
        "naturkunde": 0,
        "redegewandheit": 0,
        "schloesserUndFallen": 0,
        "schwimmen": 0,
        "seefahrt": 0,
        "strassenkunde": 0,
        "tierfuehrung": 0,
        "ueberleben": 0,
        "wahrnehmung": 0,
        "zaehigkeit": 0
      },
      "solare": 0,
      "sprachen": "",
      "staerken": "",
      "staerkenDetailed": {
        "0": {
          "effekt": "",
          "name": ""
        },
        "1": {
          "effekt": "",
          "name": ""
        },
        "2": {
          "effekt": "",
          "name": ""
        },
        "3": {
          "effekt": "",
          "name": ""
        },
        "4": {
          "effekt": "",
          "name": ""
        },
        "5": {
          "effekt": "",
          "name": ""
        },
        "6": {
          "effekt": "",
          "name": ""
        },
        "7": {
          "effekt": "",
          "name": ""
        },
        "8": {
          "effekt": "",
          "name": ""
        },
        "9": {
          "effekt": "",
          "name": ""
        },
        "10": {
          "effekt": "",
          "name": ""
        },
        "11": {
          "effekt": "",
          "name": ""
        },
        "12": {
          "effekt": "",
          "name": ""
        },
        "13": {
          "effekt": "",
          "name": ""
        },
        "14": {
          "effekt": "",
          "name": ""
        },
        "15": {
          "effekt": "",
          "name": ""
        }
      },
      "type": "player",
      "waffen": {
        "0": {
          "dmg": "",
          "merkmale": "",
          "name": "",
          "primaryAttribute": "",
          "secondaryAttribute": "",
          "skill": "",
          "wert": 0,
          "wgs": ""
        },
        "1": {
          "dmg": "",
          "merkmale": "",
          "name": "",
          "primaryAttribute": "",
          "secondaryAttribute": "",
          "skill": "",
          "wert": 0,
          "wgs": ""
        },
        "2": {
          "dmg": "",
          "merkmale": "",
          "name": "",
          "primaryAttribute": "",
          "secondaryAttribute": "",
          "skill": "",
          "wert": 0,
          "wgs": ""
        },
        "3": {
          "dmg": "",
          "merkmale": "",
          "name": "",
          "primaryAttribute": "",
          "secondaryAttribute": "",
          "skill": "",
          "wert": 0,
          "wgs": ""
        },
        "4": {
          "dmg": "",
          "merkmale": "",
          "name": "",
          "primaryAttribute": "",
          "secondaryAttribute": "",
          "skill": "",
          "wert": 0,
          "wgs": ""
        }
      },
      "zauber": {
        "0": {
          "effekt": "",
          "fokus": "",
          "grad": 0,
          "name": "",
          "quelle": "",
          "reichweite": "",
          "schule": "",
          "schwierigkeit": "",
          "verstaerkung": "",
          "wirkungsdauer": "",
          "zauberdauer": ""
        },
        "1": {
          "effekt": "",
          "fokus": "",
          "grad": 0,
          "name": "",
          "quelle": "",
          "reichweite": "",
          "schule": "",
          "schwierigkeit": "",
          "verstaerkung": "",
          "wirkungsdauer": "",
          "zauberdauer": ""
        },
        "2": {
          "effekt": "",
          "fokus": "",
          "grad": 0,
          "name": "",
          "quelle": "",
          "reichweite": "",
          "schule": "",
          "schwierigkeit": "",
          "verstaerkung": "",
          "wirkungsdauer": "",
          "zauberdauer": ""
        },
        "3": {
          "effekt": "",
          "fokus": "",
          "grad": 0,
          "name": "",
          "quelle": "",
          "reichweite": "",
          "schule": "",
          "schwierigkeit": "",
          "verstaerkung": "",
          "wirkungsdauer": "",
          "zauberdauer": ""
        },
        "4": {
          "effekt": "",
          "fokus": "",
          "grad": 0,
          "name": "",
          "quelle": "",
          "reichweite": "",
          "schule": "",
          "schwierigkeit": "",
          "verstaerkung": "",
          "wirkungsdauer": "",
          "zauberdauer": ""
        },
        "5": {
          "effekt": "",
          "fokus": "",
          "grad": 0,
          "name": "",
          "quelle": "",
          "reichweite": "",
          "schule": "",
          "schwierigkeit": "",
          "verstaerkung": "",
          "wirkungsdauer": "",
          "zauberdauer": ""
        },
        "6": {
          "effekt": "",
          "fokus": "",
          "grad": 0,
          "name": "",
          "quelle": "",
          "reichweite": "",
          "schule": "",
          "schwierigkeit": "",
          "verstaerkung": "",
          "wirkungsdauer": "",
          "zauberdauer": ""
        },
        "7": {
          "effekt": "",
          "fokus": "",
          "grad": 0,
          "name": "",
          "quelle": "",
          "reichweite": "",
          "schule": "",
          "schwierigkeit": "",
          "verstaerkung": "",
          "wirkungsdauer": "",
          "zauberdauer": ""
        },
        "8": {
          "effekt": "",
          "fokus": "",
          "grad": 0,
          "name": "",
          "quelle": "",
          "reichweite": "",
          "schule": "",
          "schwierigkeit": "",
          "verstaerkung": "",
          "wirkungsdauer": "",
          "zauberdauer": ""
        },
        "9": {
          "effekt": "",
          "fokus": "",
          "grad": 0,
          "name": "",
          "quelle": "",
          "reichweite": "",
          "schule": "",
          "schwierigkeit": "",
          "verstaerkung": "",
          "wirkungsdauer": "",
          "zauberdauer": ""
        },
        "10": {
          "effekt": "",
          "fokus": "",
          "grad": 0,
          "name": "",
          "quelle": "",
          "reichweite": "",
          "schule": "",
          "schwierigkeit": "",
          "verstaerkung": "",
          "wirkungsdauer": "",
          "zauberdauer": ""
        },
        "11": {
          "effekt": "",
          "fokus": "",
          "grad": 0,
          "name": "",
          "quelle": "",
          "reichweite": "",
          "schule": "",
          "schwierigkeit": "",
          "verstaerkung": "",
          "wirkungsdauer": "",
          "zauberdauer": ""
        },
        "12": {
          "effekt": "",
          "fokus": "",
          "grad": 0,
          "name": "",
          "quelle": "",
          "reichweite": "",
          "schule": "",
          "schwierigkeit": "",
          "verstaerkung": "",
          "wirkungsdauer": "",
          "zauberdauer": ""
        },
        "13": {
          "effekt": "",
          "fokus": "",
          "grad": 0,
          "name": "",
          "quelle": "",
          "reichweite": "",
          "schule": "",
          "schwierigkeit": "",
          "verstaerkung": "",
          "wirkungsdauer": "",
          "zauberdauer": ""
        },
        "14": {
          "effekt": "",
          "fokus": "",
          "grad": 0,
          "name": "",
          "quelle": "",
          "reichweite": "",
          "schule": "",
          "schwierigkeit": "",
          "verstaerkung": "",
          "wirkungsdauer": "",
          "zauberdauer": ""
        },
        "15": {
          "effekt": "",
          "fokus": "",
          "grad": 0,
          "name": "",
          "quelle": "",
          "reichweite": "",
          "schule": "",
          "schwierigkeit": "",
          "verstaerkung": "",
          "wirkungsdauer": "",
          "zauberdauer": ""
        },
        "16": {
          "effekt": "",
          "fokus": "",
          "grad": 0,
          "name": "",
          "quelle": "",
          "reichweite": "",
          "schule": "",
          "schwierigkeit": "",
          "verstaerkung": "",
          "wirkungsdauer": "",
          "zauberdauer": ""
        },
        "17": {
          "effekt": "",
          "fokus": "",
          "grad": 0,
          "name": "",
          "quelle": "",
          "reichweite": "",
          "schule": "",
          "schwierigkeit": "",
          "verstaerkung": "",
          "wirkungsdauer": "",
          "zauberdauer": ""
        },
        "18": {
          "effekt": "",
          "fokus": "",
          "grad": 0,
          "name": "",
          "quelle": "",
          "reichweite": "",
          "schule": "",
          "schwierigkeit": "",
          "verstaerkung": "",
          "wirkungsdauer": "",
          "zauberdauer": ""
        },
        "19": {
          "effekt": "",
          "fokus": "",
          "grad": 0,
          "name": "",
          "quelle": "",
          "reichweite": "",
          "schule": "",
          "schwierigkeit": "",
          "verstaerkung": "",
          "wirkungsdauer": "",
          "zauberdauer": ""
        }
      }
    }
  },
  "Item": {
    "types": [
      "weapon",
      "armor",
      "shield",
      "consumable",
      "usable",
      "misc",
      "zauber",
      "meisterschaft",
      "staerke",
      "merkmal"
    ]
  }
}